{"cameraMode":{"drawMode":0,"name":"Shaded","section":"Shading Mode"},"sceneLighting":false,"audioPlay":false,"sceneViewState":{"showFog":true,"showMaterialUpdate":false,"showSkybox":false,"showFlares":true,"showImageEffects":true,"showParticleSystems":true},"in2DMode":false,"pivot":{"x":0.11699998378753662,"y":0.4321444034576416,"z":-53.58000183105469},"rotation":{"x":-0.2040550857782364,"y":0.7369291186332703,"z":-0.2539460361003876,"w":-0.5923762917518616},"size":2.9660251140594484,"orthographic":false}